Label,NALT_URI
abnormal behavior,https://lod.nal.usda.gov/nalt/1750
acepromazine,https://lod.nal.usda.gov/nalt/2185
acetaminophen,https://lod.nal.usda.gov/nalt/2311
acetaminophen,https://lod.nal.usda.gov/nalt/2311
acute dermal toxicity,https://lod.nal.usda.gov/nalt/68509
acute inhalation toxicity,https://lod.nal.usda.gov/nalt/68510
acute oral toxicity,https://lod.nal.usda.gov/nalt/68511
acute toxic class method,https://lod.nal.usda.gov/nalt/68515
acute toxic class method,https://lod.nal.usda.gov/nalt/68515
acute toxicity,https://lod.nal.usda.gov/nalt/3966
adverse outcome pathways,https://lod.nal.usda.gov/nalt/313203
advisory committees,https://lod.nal.usda.gov/nalt/299427
Agricultural Research Service,https://lod.nal.usda.gov/nalt/5460
agricultural sciences,https://lod.nal.usda.gov/nalt/300503
alfaxalone,https://lod.nal.usda.gov/nalt/323328
algae,https://lod.nal.usda.gov/nalt/35
Alouatta,https://lod.nal.usda.gov/nalt/6851
alpacas,https://lod.nal.usda.gov/nalt/6857
ambient temperature,https://lod.nal.usda.gov/nalt/7424
Ambystoma mexicanum,https://lod.nal.usda.gov/nalt/255147
Ames test,https://lod.nal.usda.gov/nalt/68516
Ames test,https://lod.nal.usda.gov/nalt/68516
amniotic fluid,https://lod.nal.usda.gov/nalt/8003
amphibians,https://lod.nal.usda.gov/nalt/40
analgesia,https://lod.nal.usda.gov/nalt/8442
analgesic effect,https://lod.nal.usda.gov/nalt/8443
analgesics,https://lod.nal.usda.gov/nalt/2318
analytical methods,https://lod.nal.usda.gov/nalt/8468
anatomy and morphology,https://lod.nal.usda.gov/nalt/8586
anesthesia,https://lod.nal.usda.gov/nalt/8444
anesthesia reversal,https://lod.nal.usda.gov/nalt/8798
anesthetics,https://lod.nal.usda.gov/nalt/8422
animal anatomy,https://lod.nal.usda.gov/nalt/47
Animal and Plant Health Inspection Service,https://lod.nal.usda.gov/nalt/8978
animal behavior,https://lod.nal.usda.gov/nalt/5156
animal branding,https://lod.nal.usda.gov/nalt/9272
animal breeders,https://lod.nal.usda.gov/nalt/68610
animal breeding,https://lod.nal.usda.gov/nalt/9021
animal care,https://lod.nal.usda.gov/nalt/9052
animal cell lines,https://lod.nal.usda.gov/nalt/308521
animal comfort,https://lod.nal.usda.gov/nalt/9082
animal control services,https://lod.nal.usda.gov/nalt/127349
animal disease models,https://lod.nal.usda.gov/nalt/9117
animal experimentation,https://lod.nal.usda.gov/nalt/9019
animal feeding,https://lod.nal.usda.gov/nalt/4048
animal handling,https://lod.nal.usda.gov/nalt/9055
animal housing,https://lod.nal.usda.gov/nalt/5482
animal husbandry,https://lod.nal.usda.gov/nalt/9054
animal identification,https://lod.nal.usda.gov/nalt/9056
animal law,https://lod.nal.usda.gov/nalt/9288
animal models,https://lod.nal.usda.gov/nalt/9120
animal nutrition,https://lod.nal.usda.gov/nalt/9178
animal pens,https://lod.nal.usda.gov/nalt/9254
animal physiology,https://lod.nal.usda.gov/nalt/9107
animal preferences,https://lod.nal.usda.gov/nalt/8987
animal reproduction,https://lod.nal.usda.gov/nalt/3138
animal rescue shelters,https://lod.nal.usda.gov/nalt/9496
animal research,https://lod.nal.usda.gov/nalt/199785
animal rooms,https://lod.nal.usda.gov/nalt/68517
animal science,https://lod.nal.usda.gov/nalt/332
animal space requirements,https://lod.nal.usda.gov/nalt/9246
animal stress,https://lod.nal.usda.gov/nalt/732
animal technicians,https://lod.nal.usda.gov/nalt/9076
animal tests,https://lod.nal.usda.gov/nalt/68527
animal tissues,https://lod.nal.usda.gov/nalt/8967
animal use alternatives,https://lod.nal.usda.gov/nalt/7182
animal use reduction,https://lod.nal.usda.gov/nalt/9551
animal use refinement,https://lod.nal.usda.gov/nalt/8445
animal use replacement,https://lod.nal.usda.gov/nalt/9552
animal welfare,https://lod.nal.usda.gov/nalt/9084
Animal Welfare Institute,https://lod.nal.usda.gov/nalt/329840
animal well-being,https://lod.nal.usda.gov/nalt/9237
animals,https://lod.nal.usda.gov/nalt/65
anther culture,https://lod.nal.usda.gov/nalt/9953
anthropology,https://lod.nal.usda.gov/nalt/10088
anti-inflammatory agents,https://lod.nal.usda.gov/nalt/10149
antibodies,https://lod.nal.usda.gov/nalt/10218
antibody formation,https://lod.nal.usda.gov/nalt/10230
antibody production,https://lod.nal.usda.gov/nalt/10230
Aotus (Cebidae),https://lod.nal.usda.gov/nalt/10604
Aotus nancymaae,https://lod.nal.usda.gov/nalt/343758
apnea,https://lod.nal.usda.gov/nalt/914
aquatic organisms,https://lod.nal.usda.gov/nalt/11423
arthropods,https://lod.nal.usda.gov/nalt/79
artificial habitats,https://lod.nal.usda.gov/nalt/342117
artificial neural networks,https://lod.nal.usda.gov/nalt/12606
artificial skin,https://lod.nal.usda.gov/nalt/312748
ascites,https://lod.nal.usda.gov/nalt/733
asphyxia,https://lod.nal.usda.gov/nalt/915
asphyxia,https://lod.nal.usda.gov/nalt/915
aspirin,https://lod.nal.usda.gov/nalt/2534
aspirin,https://lod.nal.usda.gov/nalt/2534
assays,https://lod.nal.usda.gov/nalt/13160
Association for Assessment and Accreditation of Laboratory Animal Care International,https://lod.nal.usda.gov/nalt/329563
Ateles,https://lod.nal.usda.gov/nalt/13564
Ateles geoffroyi,https://lod.nal.usda.gov/nalt/221179
Atelidae,https://lod.nal.usda.gov/nalt/221169
Atelinae,https://lod.nal.usda.gov/nalt/221170
audiovisuals,https://lod.nal.usda.gov/nalt/13817
avoidance conditioning,https://lod.nal.usda.gov/nalt/14242
axenic culture,https://lod.nal.usda.gov/nalt/14256
azaperone,https://lod.nal.usda.gov/nalt/14300
bandages,https://lod.nal.usda.gov/nalt/15724
Bayesian theory,https://lod.nal.usda.gov/nalt/16108
beak trimming,https://lod.nal.usda.gov/nalt/9229
beef cattle,https://lod.nal.usda.gov/nalt/16293
behavioral despair tests,https://lod.nal.usda.gov/nalt/291314
betamethasone,https://lod.nal.usda.gov/nalt/10152
bile,https://lod.nal.usda.gov/nalt/17153
bioassays,https://lod.nal.usda.gov/nalt/13161
biochemical compounds,https://lod.nal.usda.gov/nalt/7812
bioethics,https://lod.nal.usda.gov/nalt/9553
biological models,https://lod.nal.usda.gov/nalt/261145
biological properties and phenomena,https://lod.nal.usda.gov/nalt/107
bioluminescence assay,https://lod.nal.usda.gov/nalt/309744
biomarkers,https://lod.nal.usda.gov/nalt/17262
biomedical imaging,https://lod.nal.usda.gov/nalt/332148
biostatistics,https://lod.nal.usda.gov/nalt/307601
biotelemetry,https://lod.nal.usda.gov/nalt/192887
bird banding,https://lod.nal.usda.gov/nalt/282746
birds,https://lod.nal.usda.gov/nalt/106
bloat,https://lod.nal.usda.gov/nalt/916
blood,https://lod.nal.usda.gov/nalt/18059
blood cells,https://lod.nal.usda.gov/nalt/18061
blood plasma,https://lod.nal.usda.gov/nalt/18062
blood sampling,https://lod.nal.usda.gov/nalt/18122
blood transfusion,https://lod.nal.usda.gov/nalt/18064
bodily secretions and exudates,https://lod.nal.usda.gov/nalt/48
body fluids,https://lod.nal.usda.gov/nalt/49
body temperature,https://lod.nal.usda.gov/nalt/118
body temperature changes,https://lod.nal.usda.gov/nalt/155
body water,https://lod.nal.usda.gov/nalt/18332
bone marrow cells,https://lod.nal.usda.gov/nalt/18522
breath tests,https://lod.nal.usda.gov/nalt/203771
Breeding and Genetic Improvement,https://lod.nal.usda.gov/nalt/127296
browsing,https://lod.nal.usda.gov/nalt/20122
bullfrogs,https://lod.nal.usda.gov/nalt/337027
bullocks,https://lod.nal.usda.gov/nalt/67757
bulls,https://lod.nal.usda.gov/nalt/16297
buprenorphine,https://lod.nal.usda.gov/nalt/8452
butorphanol,https://lod.nal.usda.gov/nalt/149099
cadaver,https://lod.nal.usda.gov/nalt/332018
caecilians,https://lod.nal.usda.gov/nalt/68520
cage design,https://lod.nal.usda.gov/nalt/21006
cage size,https://lod.nal.usda.gov/nalt/21010
cages,https://lod.nal.usda.gov/nalt/9070
California mastitis test,https://lod.nal.usda.gov/nalt/243947
Callicebus,https://lod.nal.usda.gov/nalt/342191
Callimico,https://lod.nal.usda.gov/nalt/269778
Callimico goeldii,https://lod.nal.usda.gov/nalt/269779
Callithrix,https://lod.nal.usda.gov/nalt/21306
Callithrix aurita,https://lod.nal.usda.gov/nalt/269783
Callithrix flaviceps,https://lod.nal.usda.gov/nalt/269787
Callithrix geoffroyi,https://lod.nal.usda.gov/nalt/255237
Callithrix jacchus,https://lod.nal.usda.gov/nalt/21307
Callithrix penicillata,https://lod.nal.usda.gov/nalt/243184
Callitrichidae,https://lod.nal.usda.gov/nalt/21305
callus culture,https://lod.nal.usda.gov/nalt/21345
calves,https://lod.nal.usda.gov/nalt/21177
cankers (animals),https://lod.nal.usda.gov/nalt/917
cannulas,https://lod.nal.usda.gov/nalt/21916
captive animals,https://lod.nal.usda.gov/nalt/105920
capture of animals,https://lod.nal.usda.gov/nalt/9051
carcinogenicity,https://lod.nal.usda.gov/nalt/22361
casts (medical),https://lod.nal.usda.gov/nalt/18518
catheters,https://lod.nal.usda.gov/nalt/23043
cats,https://lod.nal.usda.gov/nalt/22915
cattle,https://lod.nal.usda.gov/nalt/16304
Cebidae,https://lod.nal.usda.gov/nalt/6854
Cebus,https://lod.nal.usda.gov/nalt/22092
Cebus apella,https://lod.nal.usda.gov/nalt/296495
Cebus capucinus,https://lod.nal.usda.gov/nalt/314522
cell culture,https://lod.nal.usda.gov/nalt/23373
cell lines,https://lod.nal.usda.gov/nalt/23379
cell lines,https://lod.nal.usda.gov/nalt/23379
cell suspension culture,https://lod.nal.usda.gov/nalt/23377
cell transformation assay,https://lod.nal.usda.gov/nalt/68521
Center for Alternatives to Animal Testing,https://lod.nal.usda.gov/nalt/332042
Center for Food Safety and Applied Nutrition,https://lod.nal.usda.gov/nalt/23638
Centers for Disease Control and Prevention,https://lod.nal.usda.gov/nalt/23204
central venous catheters,https://lod.nal.usda.gov/nalt/332048
Cephalopoda,https://lod.nal.usda.gov/nalt/637
Cercocebus,https://lod.nal.usda.gov/nalt/23975
Cercocebus galeritus,https://lod.nal.usda.gov/nalt/269804
Cercopithecidae,https://lod.nal.usda.gov/nalt/23977
Cercopithecus,https://lod.nal.usda.gov/nalt/23985
Cercopithecus aethiops,https://lod.nal.usda.gov/nalt/4863
cerebrospinal fluid,https://lod.nal.usda.gov/nalt/18339
cervical dislocation,https://lod.nal.usda.gov/nalt/24103
chemical substances,https://lod.nal.usda.gov/nalt/183
chickens,https://lod.nal.usda.gov/nalt/19929
Chinchilla lanigera,https://lod.nal.usda.gov/nalt/75690
Chlorocebus,https://lod.nal.usda.gov/nalt/314431
Chlorocebus pygerythrus,https://lod.nal.usda.gov/nalt/314432
chloroform,https://lod.nal.usda.gov/nalt/25338
cholinergic agents,https://lod.nal.usda.gov/nalt/25588
chronic toxicity,https://lod.nal.usda.gov/nalt/25889
Cichlidae,https://lod.nal.usda.gov/nalt/26238
clinical examination,https://lod.nal.usda.gov/nalt/26913
cloning (cells),https://lod.nal.usda.gov/nalt/23367
coculture,https://lod.nal.usda.gov/nalt/68522
code of practice,https://lod.nal.usda.gov/nalt/27600
cold stress,https://lod.nal.usda.gov/nalt/1730
colostrum,https://lod.nal.usda.gov/nalt/18315
comet assay,https://lod.nal.usda.gov/nalt/291475
committees,https://lod.nal.usda.gov/nalt/68524
computed tomography,https://lod.nal.usda.gov/nalt/28416
computer simulation,https://lod.nal.usda.gov/nalt/203662
contraceptives,https://lod.nal.usda.gov/nalt/28771
cosmetics,https://lod.nal.usda.gov/nalt/16241
cosmetics testing,https://lod.nal.usda.gov/nalt/68525
cough,https://lod.nal.usda.gov/nalt/918
cows,https://lod.nal.usda.gov/nalt/16309
cryopreservation,https://lod.nal.usda.gov/nalt/30341
culture filtrates,https://lod.nal.usda.gov/nalt/30700
Cynomys,https://lod.nal.usda.gov/nalt/31203
cytotoxicity,https://lod.nal.usda.gov/nalt/31518
dairy cattle,https://lod.nal.usda.gov/nalt/23071
Danio rerio,https://lod.nal.usda.gov/nalt/69971
dead animals,https://lod.nal.usda.gov/nalt/45
debridement,https://lod.nal.usda.gov/nalt/31873
decapitation,https://lod.nal.usda.gov/nalt/31883
deer,https://lod.nal.usda.gov/nalt/7153
defensive secretions,https://lod.nal.usda.gov/nalt/18316
dehydration (animal physiology),https://lod.nal.usda.gov/nalt/32026
delta-endotoxins,https://lod.nal.usda.gov/nalt/32187
dental equipment,https://lod.nal.usda.gov/nalt/32372
Department of Health and Human Services,https://lod.nal.usda.gov/nalt/23650
depth of anesthesia,https://lod.nal.usda.gov/nalt/8799
descriptive statistics,https://lod.nal.usda.gov/nalt/302051
desflurane,https://lod.nal.usda.gov/nalt/317741
detomidine,https://lod.nal.usda.gov/nalt/32801
developmental toxicity,https://lod.nal.usda.gov/nalt/17446
dexamethasone,https://lod.nal.usda.gov/nalt/10153
dexmedetomidine,https://lod.nal.usda.gov/nalt/188008
dexmedetomidine,https://lod.nal.usda.gov/nalt/188008
diagnostic equipment,https://lod.nal.usda.gov/nalt/185708
diagnostic techniques,https://lod.nal.usda.gov/nalt/8499
diazepam,https://lod.nal.usda.gov/nalt/8804
diazepam,https://lod.nal.usda.gov/nalt/8804
digesta,https://lod.nal.usda.gov/nalt/18340
displacement activities,https://lod.nal.usda.gov/nalt/8992
distress,https://lod.nal.usda.gov/nalt/9516
dogs,https://lod.nal.usda.gov/nalt/21847
domestic animals,https://lod.nal.usda.gov/nalt/9579
downer animals,https://lod.nal.usda.gov/nalt/9580
droperidol,https://lod.nal.usda.gov/nalt/8805
drug development,https://lod.nal.usda.gov/nalt/330369
drug injection,https://lod.nal.usda.gov/nalt/34637
drug toxicity,https://lod.nal.usda.gov/nalt/34664
Dutch Belted (rabbit breed),https://lod.nal.usda.gov/nalt/34944
dysoxia,https://lod.nal.usda.gov/nalt/277632
dyspnea,https://lod.nal.usda.gov/nalt/919
ear tags,https://lod.nal.usda.gov/nalt/9065
earthworms,https://lod.nal.usda.gov/nalt/35126
ecotoxicology,https://lod.nal.usda.gov/nalt/35713
edema,https://lod.nal.usda.gov/nalt/920
electronarcosis,https://lod.nal.usda.gov/nalt/302202
elevated plus-maze test,https://lod.nal.usda.gov/nalt/291318
embryo culture,https://lod.nal.usda.gov/nalt/36815
embryonic stem cells,https://lod.nal.usda.gov/nalt/36807
embryotoxicity,https://lod.nal.usda.gov/nalt/32918
embryotoxicity,https://lod.nal.usda.gov/nalt/32918
endoscopes,https://lod.nal.usda.gov/nalt/185709
endoscopy,https://lod.nal.usda.gov/nalt/37074
endotoxins,https://lod.nal.usda.gov/nalt/32188
enrichment culture,https://lod.nal.usda.gov/nalt/30705
environmental control systems,https://lod.nal.usda.gov/nalt/375
environmental enrichment,https://lod.nal.usda.gov/nalt/9057
enzyme immunoassays,https://lod.nal.usda.gov/nalt/37485
enzyme-linked immunosorbent assay,https://lod.nal.usda.gov/nalt/36291
enzymes,https://lod.nal.usda.gov/nalt/6744
equipment,https://lod.nal.usda.gov/nalt/365
estimation,https://lod.nal.usda.gov/nalt/28752
ethics,https://lod.nal.usda.gov/nalt/17341
ethyl ether,https://lod.nal.usda.gov/nalt/38244
etorphine,https://lod.nal.usda.gov/nalt/8453
etorphine,https://lod.nal.usda.gov/nalt/8453
Eulemur,https://lod.nal.usda.gov/nalt/281204
Eulemur fulvus,https://lod.nal.usda.gov/nalt/300464
euthanasia,https://lod.nal.usda.gov/nalt/9565
euthanasia,https://lod.nal.usda.gov/nalt/9565
excreta,https://lod.nal.usda.gov/nalt/50
exercise test,https://lod.nal.usda.gov/nalt/12222
experimental design,https://lod.nal.usda.gov/nalt/9555
explants,https://lod.nal.usda.gov/nalt/30702
extracellular fluids,https://lod.nal.usda.gov/nalt/18341
eye irritation,https://lod.nal.usda.gov/nalt/3968
eye irritation tests,https://lod.nal.usda.gov/nalt/68528
facilities management,https://lod.nal.usda.gov/nalt/332181
farmed animal species,https://lod.nal.usda.gov/nalt/7150
fecal examination,https://lod.nal.usda.gov/nalt/302235
feces,https://lod.nal.usda.gov/nalt/34880
feed deprivation,https://lod.nal.usda.gov/nalt/9181
feed intake,https://lod.nal.usda.gov/nalt/9326
feeding behavior,https://lod.nal.usda.gov/nalt/8996
feeding enrichment,https://lod.nal.usda.gov/nalt/313312
feeding methods,https://lod.nal.usda.gov/nalt/4047
feeding methods,https://lod.nal.usda.gov/nalt/4047
fentanyl,https://lod.nal.usda.gov/nalt/8806
ferrets,https://lod.nal.usda.gov/nalt/39893
fever,https://lod.nal.usda.gov/nalt/157
fish,https://lod.nal.usda.gov/nalt/845
fistulated animals,https://lod.nal.usda.gov/nalt/339492
fixed dose procedure,https://lod.nal.usda.gov/nalt/68538
flatulence,https://lod.nal.usda.gov/nalt/921
fluid therapy,https://lod.nal.usda.gov/nalt/40688
flunixin,https://lod.nal.usda.gov/nalt/8454
flunixin,https://lod.nal.usda.gov/nalt/8454
fluorescent lamps,https://lod.nal.usda.gov/nalt/289671
fluorescent lighting,https://lod.nal.usda.gov/nalt/40710
follicular fluid,https://lod.nal.usda.gov/nalt/18342
Food and Drug Administration,https://lod.nal.usda.gov/nalt/23640
food animals,https://lod.nal.usda.gov/nalt/9581
Food Safety and Inspection Service,https://lod.nal.usda.gov/nalt/41016
foraging,https://lod.nal.usda.gov/nalt/39711
forced swimming test,https://lod.nal.usda.gov/nalt/291315
formalin test,https://lod.nal.usda.gov/nalt/287220
frequency distribution,https://lod.nal.usda.gov/nalt/301411
frog embryo teratogenesis assay-Xenopus,https://lod.nal.usda.gov/nalt/68539
frogs,https://lod.nal.usda.gov/nalt/7156
fur-bearing animals,https://lod.nal.usda.gov/nalt/9582
Galagidae,https://lod.nal.usda.gov/nalt/295181
Galago,https://lod.nal.usda.gov/nalt/42162
Galago granti,https://lod.nal.usda.gov/nalt/295180
game animals,https://lod.nal.usda.gov/nalt/9583
gastric juice,https://lod.nal.usda.gov/nalt/18317
general anesthetics,https://lod.nal.usda.gov/nalt/8807
genetic lines,https://lod.nal.usda.gov/nalt/19698
genetic techniques and protocols,https://lod.nal.usda.gov/nalt/17409
genotoxicity,https://lod.nal.usda.gov/nalt/34182
genotoxicity tests,https://lod.nal.usda.gov/nalt/291471
genotyping,https://lod.nal.usda.gov/nalt/199091
gerbils,https://lod.nal.usda.gov/nalt/42829
germ-free animals,https://lod.nal.usda.gov/nalt/9584
germ-free animals,https://lod.nal.usda.gov/nalt/9584
glucose tolerance tests,https://lod.nal.usda.gov/nalt/229208
goats,https://lod.nal.usda.gov/nalt/22030
Gorilla,https://lod.nal.usda.gov/nalt/43523
Gorilla beringei,https://lod.nal.usda.gov/nalt/196313
Gorilla gorilla,https://lod.nal.usda.gov/nalt/43524
government agencies,https://lod.nal.usda.gov/nalt/28156
government and administration,https://lod.nal.usda.gov/nalt/4261
graduate students,https://lod.nal.usda.gov/nalt/310506
grimace scale,https://lod.nal.usda.gov/nalt/313200
group housing,https://lod.nal.usda.gov/nalt/9250
guinea pigs,https://lod.nal.usda.gov/nalt/23179
halitosis,https://lod.nal.usda.gov/nalt/205686
halothane,https://lod.nal.usda.gov/nalt/8808
hamsters,https://lod.nal.usda.gov/nalt/25091
health care workers,https://lod.nal.usda.gov/nalt/6592
hearing tests,https://lod.nal.usda.gov/nalt/333208
heat stress,https://lod.nal.usda.gov/nalt/1731
heifers,https://lod.nal.usda.gov/nalt/23072
hematologic tests,https://lod.nal.usda.gov/nalt/18068
hepatocytes,https://lod.nal.usda.gov/nalt/23469
hepatotoxicity,https://lod.nal.usda.gov/nalt/45149
Hominidae,https://lod.nal.usda.gov/nalt/45760
hoof trimming,https://lod.nal.usda.gov/nalt/9231
horses,https://lod.nal.usda.gov/nalt/37683
hot plate test,https://lod.nal.usda.gov/nalt/287250
household products,https://lod.nal.usda.gov/nalt/68541
human cell lines,https://lod.nal.usda.gov/nalt/68542
human-animal relations,https://lod.nal.usda.gov/nalt/9260
human-wildlife relations,https://lod.nal.usda.gov/nalt/9141
humane endpoints,https://lod.nal.usda.gov/nalt/9557
humidifiers,https://lod.nal.usda.gov/nalt/37437
hybridomas,https://lod.nal.usda.gov/nalt/23404
Hydra,https://lod.nal.usda.gov/nalt/46250
Hylobates,https://lod.nal.usda.gov/nalt/46460
Hylobates lar,https://lod.nal.usda.gov/nalt/255141
Hylobatidae,https://lod.nal.usda.gov/nalt/42944
hypercapnia,https://lod.nal.usda.gov/nalt/922
hyperoxia,https://lod.nal.usda.gov/nalt/923
hypothermia,https://lod.nal.usda.gov/nalt/158
hypoxia,https://lod.nal.usda.gov/nalt/924
ibuprofen,https://lod.nal.usda.gov/nalt/126092
immunoassays,https://lod.nal.usda.gov/nalt/13162
in vitro culture,https://lod.nal.usda.gov/nalt/14257
incandescent lamps,https://lod.nal.usda.gov/nalt/189805
incandescent lighting,https://lod.nal.usda.gov/nalt/47083
indicator species,https://lod.nal.usda.gov/nalt/17401
indigestion,https://lod.nal.usda.gov/nalt/925
inhalation anesthetics,https://lod.nal.usda.gov/nalt/317739
inhibitory concentration 50,https://lod.nal.usda.gov/nalt/68543
insects,https://lod.nal.usda.gov/nalt/4395
Institutional Animal Care and Use Committee,https://lod.nal.usda.gov/nalt/9060
Interagency Coordinating Committee on the Validation of Alternative Methods,https://lod.nal.usda.gov/nalt/311683
Interagency Coordinating Committee on the Validation of Alternative Methods,https://lod.nal.usda.gov/nalt/311683
intestinal secretions,https://lod.nal.usda.gov/nalt/211311
intracellular fluids,https://lod.nal.usda.gov/nalt/238185
intramuscular injection,https://lod.nal.usda.gov/nalt/34650
intraocular injection,https://lod.nal.usda.gov/nalt/254566
intraperitoneal injection,https://lod.nal.usda.gov/nalt/34651
intravenous injection,https://lod.nal.usda.gov/nalt/34652
intravitreal injection,https://lod.nal.usda.gov/nalt/254567
invertebrates,https://lod.nal.usda.gov/nalt/9359
invertebrates,https://lod.nal.usda.gov/nalt/9359
irritant properties,https://lod.nal.usda.gov/nalt/47786
isoflurane,https://lod.nal.usda.gov/nalt/8809
issues and policy,https://lod.nal.usda.gov/nalt/5436
jaundice,https://lod.nal.usda.gov/nalt/926
keratinocytes,https://lod.nal.usda.gov/nalt/23470
ketamine,https://lod.nal.usda.gov/nalt/31057
ketoprofen,https://lod.nal.usda.gov/nalt/126093
kidney cells,https://lod.nal.usda.gov/nalt/23471
kidney function tests,https://lod.nal.usda.gov/nalt/84007
knockout mutants,https://lod.nal.usda.gov/nalt/48530
lab-on-a-chip technology,https://lod.nal.usda.gov/nalt/322816
laboratory animals,https://lod.nal.usda.gov/nalt/9147
laboratory equipment,https://lod.nal.usda.gov/nalt/381
laboratory experimentation,https://lod.nal.usda.gov/nalt/210165
lameness,https://lod.nal.usda.gov/nalt/927
lamps,https://lod.nal.usda.gov/nalt/49108
laws and regulations,https://lod.nal.usda.gov/nalt/5387
leg weakness,https://lod.nal.usda.gov/nalt/928
Lemur,https://lod.nal.usda.gov/nalt/49615
Lemur catta,https://lod.nal.usda.gov/nalt/243135
Lemuridae,https://lod.nal.usda.gov/nalt/49616
Leontopithecus,https://lod.nal.usda.gov/nalt/21315
Leontopithecus caissara,https://lod.nal.usda.gov/nalt/190167
Leontopithecus chrysomelas,https://lod.nal.usda.gov/nalt/43398
Leontopithecus chrysopygus,https://lod.nal.usda.gov/nalt/17775
Leontopithecus rosalia,https://lod.nal.usda.gov/nalt/43392
Lepilemur,https://lod.nal.usda.gov/nalt/281198
Lepilemur edwardsi,https://lod.nal.usda.gov/nalt/281199
Lepilemuridae,https://lod.nal.usda.gov/nalt/269864
lesions (animal),https://lod.nal.usda.gov/nalt/929
lethal concentration 50,https://lod.nal.usda.gov/nalt/68545
lethal concentration 50,https://lod.nal.usda.gov/nalt/68545
lethal dose,https://lod.nal.usda.gov/nalt/34021
lethal dose 50,https://lod.nal.usda.gov/nalt/49401
librarians,https://lod.nal.usda.gov/nalt/335071
lidocaine,https://lod.nal.usda.gov/nalt/8954
lighting,https://lod.nal.usda.gov/nalt/12598
Limulus amebocyte lysate assay,https://lod.nal.usda.gov/nalt/312827
line differences,https://lod.nal.usda.gov/nalt/50224
litter (bedding),https://lod.nal.usda.gov/nalt/9251
litters (young animals),https://lod.nal.usda.gov/nalt/9495
liver function tests,https://lod.nal.usda.gov/nalt/84877
llamas,https://lod.nal.usda.gov/nalt/7157
local anesthetics,https://lod.nal.usda.gov/nalt/8810
local lymph node assay,https://lod.nal.usda.gov/nalt/68546
local lymph node assay,https://lod.nal.usda.gov/nalt/68546
Lorisidae,https://lod.nal.usda.gov/nalt/20565
luminescent assay,https://lod.nal.usda.gov/nalt/336017
lymph,https://lod.nal.usda.gov/nalt/18343
Macaca,https://lod.nal.usda.gov/nalt/23988
Macaca arctoides,https://lod.nal.usda.gov/nalt/16225
Macaca fascicularis,https://lod.nal.usda.gov/nalt/31202
Macaca fuscata,https://lod.nal.usda.gov/nalt/48042
Macaca mulatta,https://lod.nal.usda.gov/nalt/50975
Macaca nemestrina,https://lod.nal.usda.gov/nalt/50976
Macaca radiata,https://lod.nal.usda.gov/nalt/18568
Macaca silenus,https://lod.nal.usda.gov/nalt/269810
macroinvertebrates,https://lod.nal.usda.gov/nalt/47594
magnetic resonance imaging,https://lod.nal.usda.gov/nalt/8489
mammals,https://lod.nal.usda.gov/nalt/558
manmade structures,https://lod.nal.usda.gov/nalt/5481
Marmota monax,https://lod.nal.usda.gov/nalt/43927
maternal behavior,https://lod.nal.usda.gov/nalt/16452
maternal milk,https://lod.nal.usda.gov/nalt/9316
mathematical models,https://lod.nal.usda.gov/nalt/50226
mathematical models,https://lod.nal.usda.gov/nalt/50226
mathematics and statistics,https://lod.nal.usda.gov/nalt/6369
maximum tolerated concentration,https://lod.nal.usda.gov/nalt/313598
maximum tolerated dose,https://lod.nal.usda.gov/nalt/313439
medetomidine,https://lod.nal.usda.gov/nalt/8455
medical and veterinary equipment,https://lod.nal.usda.gov/nalt/384
medical equipment,https://lod.nal.usda.gov/nalt/32927
medical history,https://lod.nal.usda.gov/nalt/33026
medical sciences,https://lod.nal.usda.gov/nalt/45052
medical treatment,https://lod.nal.usda.gov/nalt/51847
medicinal properties,https://lod.nal.usda.gov/nalt/8450
meloxicam,https://lod.nal.usda.gov/nalt/10157
meloxicam,https://lod.nal.usda.gov/nalt/10157
Merostomata,https://lod.nal.usda.gov/nalt/24577
metabolic diseases,https://lod.nal.usda.gov/nalt/2862
methadone,https://lod.nal.usda.gov/nalt/8456
methoxyflurane,https://lod.nal.usda.gov/nalt/38245
methylprednisolone,https://lod.nal.usda.gov/nalt/289977
mice,https://lod.nal.usda.gov/nalt/48531
micro-computed tomography,https://lod.nal.usda.gov/nalt/204242
microbial toxins,https://lod.nal.usda.gov/nalt/323561
microfluidic technology,https://lod.nal.usda.gov/nalt/322814
micronucleus tests,https://lod.nal.usda.gov/nalt/309754
miniature swine,https://lod.nal.usda.gov/nalt/53095
mixed culture,https://lod.nal.usda.gov/nalt/47055
mole rats,https://lod.nal.usda.gov/nalt/190028
monoxenic culture,https://lod.nal.usda.gov/nalt/47056
morbidity,https://lod.nal.usda.gov/nalt/34035
morphine,https://lod.nal.usda.gov/nalt/8457
mortality,https://lod.nal.usda.gov/nalt/31862
mucus,https://lod.nal.usda.gov/nalt/18319
mutagenicity,https://lod.nal.usda.gov/nalt/53830
mutants,https://lod.nal.usda.gov/nalt/14079
narcotics,https://lod.nal.usda.gov/nalt/34676
National Aeronautics and Space Administration,https://lod.nal.usda.gov/nalt/237643
National Animal Health Monitoring System,https://lod.nal.usda.gov/nalt/210476
National Center for Biotechnology Information,https://lod.nal.usda.gov/nalt/205083
National Center for Health Statistics,https://lod.nal.usda.gov/nalt/232245
National Institute of Environmental Health Sciences,https://lod.nal.usda.gov/nalt/335939
National Institutes of Health,https://lod.nal.usda.gov/nalt/204110
National Library of Medicine,https://lod.nal.usda.gov/nalt/204113
National Science Foundation,https://lod.nal.usda.gov/nalt/307906
nausea,https://lod.nal.usda.gov/nalt/930
necropsy,https://lod.nal.usda.gov/nalt/104870
nephrotoxicity,https://lod.nal.usda.gov/nalt/48383
nest boxes,https://lod.nal.usda.gov/nalt/9253
nestlets,https://lod.nal.usda.gov/nalt/310450
neurotoxicity,https://lod.nal.usda.gov/nalt/54749
New Zealand White rabbit,https://lod.nal.usda.gov/nalt/54783
no observed adverse effect level,https://lod.nal.usda.gov/nalt/54939
no observed adverse effect level,https://lod.nal.usda.gov/nalt/54939
nonanimal tests,https://lod.nal.usda.gov/nalt/9559
nonfood products,https://lod.nal.usda.gov/nalt/5448
noninfectious diseases,https://lod.nal.usda.gov/nalt/330
nonlinear models,https://lod.nal.usda.gov/nalt/51656
nonsteroidal anti-inflammatory agents,https://lod.nal.usda.gov/nalt/10158
normal values,https://lod.nal.usda.gov/nalt/15979
nutritional support,https://lod.nal.usda.gov/nalt/12584
Nycticebus,https://lod.nal.usda.gov/nalt/269867
Octopoda,https://lod.nal.usda.gov/nalt/285121
Octopodidae,https://lod.nal.usda.gov/nalt/23765
Octopus (Octopodidae),https://lod.nal.usda.gov/nalt/55627
Oncorhynchus mykiss,https://lod.nal.usda.gov/nalt/55842
operant conditioning,https://lod.nal.usda.gov/nalt/28487
oral rehydration,https://lod.nal.usda.gov/nalt/40690
organ culture,https://lod.nal.usda.gov/nalt/56061
organ-on-a-chip,https://lod.nal.usda.gov/nalt/312711
organizations,https://lod.nal.usda.gov/nalt/13189
organoids,https://lod.nal.usda.gov/nalt/336476
oviductal fluids,https://lod.nal.usda.gov/nalt/18344
ovule culture,https://lod.nal.usda.gov/nalt/56420
oxen,https://lod.nal.usda.gov/nalt/23073
pain,https://lod.nal.usda.gov/nalt/931
pain tests,https://lod.nal.usda.gov/nalt/287225
pair housing,https://lod.nal.usda.gov/nalt/68548
Pan (Pongidae),https://lod.nal.usda.gov/nalt/56624
Pan paniscus,https://lod.nal.usda.gov/nalt/18570
Pan troglodytes,https://lod.nal.usda.gov/nalt/24997
pancreatic juice,https://lod.nal.usda.gov/nalt/18320
Papio,https://lod.nal.usda.gov/nalt/14452
Papio anubis,https://lod.nal.usda.gov/nalt/56769
Papio cynocephalus,https://lod.nal.usda.gov/nalt/123449
Papio hamadryas,https://lod.nal.usda.gov/nalt/123448
Papio papio,https://lod.nal.usda.gov/nalt/123451
Papio ursinus,https://lod.nal.usda.gov/nalt/123450
paralysis,https://lod.nal.usda.gov/nalt/932
parenteral feeding,https://lod.nal.usda.gov/nalt/39720
paresis,https://lod.nal.usda.gov/nalt/933
patch test,https://lod.nal.usda.gov/nalt/68549
pentobarbital,https://lod.nal.usda.gov/nalt/15823
perches (animal housing),https://lod.nal.usda.gov/nalt/70047
Peromyscus,https://lod.nal.usda.gov/nalt/57495
personal care products,https://lod.nal.usda.gov/nalt/68555
pesticides,https://lod.nal.usda.gov/nalt/287
pharmacodynamics,https://lod.nal.usda.gov/nalt/88549
pharmacokinetics,https://lod.nal.usda.gov/nalt/34640
pharmacology,https://lod.nal.usda.gov/nalt/24572
phenylbutazone,https://lod.nal.usda.gov/nalt/57755
phototoxicity,https://lod.nal.usda.gov/nalt/50029
physicians,https://lod.nal.usda.gov/nalt/34271
Pitheciidae,https://lod.nal.usda.gov/nalt/269868
plants (botany),https://lod.nal.usda.gov/nalt/874
plethysmography,https://lod.nal.usda.gov/nalt/338617
polymerase chain reaction,https://lod.nal.usda.gov/nalt/8124
Pongidae,https://lod.nal.usda.gov/nalt/10646
Pongo,https://lod.nal.usda.gov/nalt/59210
Pongo abelii,https://lod.nal.usda.gov/nalt/210122
Pongo pygmaeus,https://lod.nal.usda.gov/nalt/56008
positron-emission tomography,https://lod.nal.usda.gov/nalt/146566
postoperative care,https://lod.nal.usda.gov/nalt/59368
preanesthetic medication,https://lod.nal.usda.gov/nalt/8800
prediction,https://lod.nal.usda.gov/nalt/35747
prednisolone,https://lod.nal.usda.gov/nalt/59555
prednisone,https://lod.nal.usda.gov/nalt/59556
preoperative care,https://lod.nal.usda.gov/nalt/59573
principal investigators,https://lod.nal.usda.gov/nalt/68551
probability,https://lod.nal.usda.gov/nalt/137027
product quality,https://lod.nal.usda.gov/nalt/4405
product testing,https://lod.nal.usda.gov/nalt/28682
products and commodities,https://lod.nal.usda.gov/nalt/4403
Prolemur,https://lod.nal.usda.gov/nalt/285944
Prolemur simus,https://lod.nal.usda.gov/nalt/285945
prostheses,https://lod.nal.usda.gov/nalt/12575
protocols,https://lod.nal.usda.gov/nalt/315825
protoplast fusion,https://lod.nal.usda.gov/nalt/23378
pruritis,https://lod.nal.usda.gov/nalt/934
psychological tests,https://lod.nal.usda.gov/nalt/327779
psychotropic agents,https://lod.nal.usda.gov/nalt/234584
quantitative structure-activity relationships,https://lod.nal.usda.gov/nalt/60701
rabbits,https://lod.nal.usda.gov/nalt/49693
racing animals,https://lod.nal.usda.gov/nalt/9585
radio frequency identification,https://lod.nal.usda.gov/nalt/9274
rats,https://lod.nal.usda.gov/nalt/53727
reptiles,https://lod.nal.usda.gov/nalt/906
research institutions,https://lod.nal.usda.gov/nalt/47452
researchers,https://lod.nal.usda.gov/nalt/55543
restraint of animals,https://lod.nal.usda.gov/nalt/9072
risk analysis,https://lod.nal.usda.gov/nalt/136472
risk analysis,https://lod.nal.usda.gov/nalt/136472
risk assessment,https://lod.nal.usda.gov/nalt/37432
risk assessment,https://lod.nal.usda.gov/nalt/37432
rodents,https://lod.nal.usda.gov/nalt/25072
romifidine,https://lod.nal.usda.gov/nalt/317986
ruminants,https://lod.nal.usda.gov/nalt/9888
safety testing,https://lod.nal.usda.gov/nalt/28683
Saguinus,https://lod.nal.usda.gov/nalt/21316
Saguinus bicolor,https://lod.nal.usda.gov/nalt/269791
Saguinus geoffroyi,https://lod.nal.usda.gov/nalt/269797
Saguinus leucopus,https://lod.nal.usda.gov/nalt/269801
Saguinus oedipus,https://lod.nal.usda.gov/nalt/29646
Saimiri,https://lod.nal.usda.gov/nalt/23237
Saimiri oerstedii,https://lod.nal.usda.gov/nalt/269795
Saimiri sciureus,https://lod.nal.usda.gov/nalt/28235
salamanders and newts,https://lod.nal.usda.gov/nalt/8080
saliva,https://lod.nal.usda.gov/nalt/18322
sample size,https://lod.nal.usda.gov/nalt/336235
Sapajus xanthosternos,https://lod.nal.usda.gov/nalt/326191
scalpels,https://lod.nal.usda.gov/nalt/62501
scientists,https://lod.nal.usda.gov/nalt/17471
sebum,https://lod.nal.usda.gov/nalt/18323
sedation,https://lod.nal.usda.gov/nalt/62736
sedatives,https://lod.nal.usda.gov/nalt/2187
seizures,https://lod.nal.usda.gov/nalt/935
semen,https://lod.nal.usda.gov/nalt/18324
semi-domestic animals,https://lod.nal.usda.gov/nalt/261033
sensometrics,https://lod.nal.usda.gov/nalt/308348
sentinel animals,https://lod.nal.usda.gov/nalt/46008
Sepiida,https://lod.nal.usda.gov/nalt/285118
Sepiidae,https://lod.nal.usda.gov/nalt/23767
sevoflurane,https://lod.nal.usda.gov/nalt/317737
shade,https://lod.nal.usda.gov/nalt/37449
sheep,https://lod.nal.usda.gov/nalt/38846
signs and symptoms (animals and humans),https://lod.nal.usda.gov/nalt/156
skin (animal),https://lod.nal.usda.gov/nalt/32499
skin irritation,https://lod.nal.usda.gov/nalt/3969
skin prick tests,https://lod.nal.usda.gov/nalt/311643
skin tests,https://lod.nal.usda.gov/nalt/32456
small ruminants,https://lod.nal.usda.gov/nalt/6859
social behavior,https://lod.nal.usda.gov/nalt/16457
social dominance,https://lod.nal.usda.gov/nalt/9013
social enrichment,https://lod.nal.usda.gov/nalt/68552
social facilitation,https://lod.nal.usda.gov/nalt/63282
soil invertebrates,https://lod.nal.usda.gov/nalt/35133
solid state culture,https://lod.nal.usda.gov/nalt/253555
specific pathogen-free animals,https://lod.nal.usda.gov/nalt/42856
splints (medical),https://lod.nal.usda.gov/nalt/135881
standard operating procedures,https://lod.nal.usda.gov/nalt/4281
standards and grades,https://lod.nal.usda.gov/nalt/49384
statistical analysis,https://lod.nal.usda.gov/nalt/8465
statistical methods,https://lod.nal.usda.gov/nalt/8465
steatorrhea,https://lod.nal.usda.gov/nalt/936
steers,https://lod.nal.usda.gov/nalt/23074
stem cells,https://lod.nal.usda.gov/nalt/23484
stereotyped behavior,https://lod.nal.usda.gov/nalt/1755
stochastic processes,https://lod.nal.usda.gov/nalt/48588
stocking rate,https://lod.nal.usda.gov/nalt/9267
strain differences,https://lod.nal.usda.gov/nalt/64245
strains,https://lod.nal.usda.gov/nalt/39571
stray animals,https://lod.nal.usda.gov/nalt/9586
students,https://lod.nal.usda.gov/nalt/784
subacute toxicity,https://lod.nal.usda.gov/nalt/65102
subchronic toxicity,https://lod.nal.usda.gov/nalt/65105
subcutaneous injection,https://lod.nal.usda.gov/nalt/34653
sublethal effects,https://lod.nal.usda.gov/nalt/65110
supplementary lighting,https://lod.nal.usda.gov/nalt/50044
surgeons,https://lod.nal.usda.gov/nalt/58065
surgery,https://lod.nal.usda.gov/nalt/8137
surgical equipment,https://lod.nal.usda.gov/nalt/37753
sutures,https://lod.nal.usda.gov/nalt/65254
sweat,https://lod.nal.usda.gov/nalt/18325
swelling (physiological),https://lod.nal.usda.gov/nalt/937
swine,https://lod.nal.usda.gov/nalt/15907
synovial fluid,https://lod.nal.usda.gov/nalt/18345
syringes,https://lod.nal.usda.gov/nalt/51840
Taeniopygia guttata,https://lod.nal.usda.gov/nalt/190060
tail flick test,https://lod.nal.usda.gov/nalt/287202
tail suspension test,https://lod.nal.usda.gov/nalt/287245
Tarsiidae,https://lod.nal.usda.gov/nalt/59619
tattooing,https://lod.nal.usda.gov/nalt/9273
tears,https://lod.nal.usda.gov/nalt/18326
technicians,https://lod.nal.usda.gov/nalt/9520
telemetry,https://lod.nal.usda.gov/nalt/61067
teratogenicity,https://lod.nal.usda.gov/nalt/32920
teratogenicity,https://lod.nal.usda.gov/nalt/32920
thermal stress,https://lod.nal.usda.gov/nalt/198222
thyroid function tests,https://lod.nal.usda.gov/nalt/94693
tiletamine,https://lod.nal.usda.gov/nalt/8811
tissue culture,https://lod.nal.usda.gov/nalt/9560
tomography,https://lod.nal.usda.gov/nalt/8496
tourniquets,https://lod.nal.usda.gov/nalt/51841
toxic substances,https://lod.nal.usda.gov/nalt/1780
toxicity,https://lod.nal.usda.gov/nalt/3967
toxicity testing,https://lod.nal.usda.gov/nalt/65620
toxicology,https://lod.nal.usda.gov/nalt/35791
toxins,https://lod.nal.usda.gov/nalt/10551
toys,https://lod.nal.usda.gov/nalt/390
Trachemys scripta scripta,https://lod.nal.usda.gov/nalt/240383
training (animals),https://lod.nal.usda.gov/nalt/9268
tranquilizers,https://lod.nal.usda.gov/nalt/34680
transgenic animals,https://lod.nal.usda.gov/nalt/9587
translational medical research,https://lod.nal.usda.gov/nalt/310018
triamcinolone,https://lod.nal.usda.gov/nalt/10159
trichloroethane,https://lod.nal.usda.gov/nalt/317742
turtles,https://lod.nal.usda.gov/nalt/7161
U.S. Department of the Interior,https://lod.nal.usda.gov/nalt/237645
U.S. Fish and Wildlife Service,https://lod.nal.usda.gov/nalt/189930
unconsciousness,https://lod.nal.usda.gov/nalt/938
ungulates,https://lod.nal.usda.gov/nalt/12636
United States Agency for International Development,https://lod.nal.usda.gov/nalt/287329
United States Environmental Protection Agency,https://lod.nal.usda.gov/nalt/37461
urethane,https://lod.nal.usda.gov/nalt/8812
urinalysis,https://lod.nal.usda.gov/nalt/153592
urine,https://lod.nal.usda.gov/nalt/38868
USDA,https://lod.nal.usda.gov/nalt/5464
USDA Forest Service,https://lod.nal.usda.gov/nalt/41198
USDA National Agricultural Library,https://lod.nal.usda.gov/nalt/143005
validation of alternative methods,https://lod.nal.usda.gov/nalt/313305
Varecia,https://lod.nal.usda.gov/nalt/277733
variance,https://lod.nal.usda.gov/nalt/64124
venoms,https://lod.nal.usda.gov/nalt/10560
ventilation systems,https://lod.nal.usda.gov/nalt/5827
vertebrates,https://lod.nal.usda.gov/nalt/8079
veterinarians,https://lod.nal.usda.gov/nalt/44744
veterinary equipment,https://lod.nal.usda.gov/nalt/9073
veterinary law,https://lod.nal.usda.gov/nalt/9296
viability assays,https://lod.nal.usda.gov/nalt/309738
vicunas,https://lod.nal.usda.gov/nalt/49017
visual aids,https://lod.nal.usda.gov/nalt/146549
vivisection,https://lod.nal.usda.gov/nalt/235151
vomiting,https://lod.nal.usda.gov/nalt/939
water deprivation,https://lod.nal.usda.gov/nalt/33355
water stress,https://lod.nal.usda.gov/nalt/1733
welfare assessment,https://lod.nal.usda.gov/nalt/313307
whistleblowing,https://lod.nal.usda.gov/nalt/68554
wild animals,https://lod.nal.usda.gov/nalt/9150
wool producing animals,https://lod.nal.usda.gov/nalt/305677
working animals,https://lod.nal.usda.gov/nalt/9074
wound treatment,https://lod.nal.usda.gov/nalt/31874
xenodiagnosis,https://lod.nal.usda.gov/nalt/33027
Xenopus laevis,https://lod.nal.usda.gov/nalt/63629
xylazine,https://lod.nal.usda.gov/nalt/8459
xylazine,https://lod.nal.usda.gov/nalt/8459
young animals,https://lod.nal.usda.gov/nalt/8964
zoo animals,https://lod.nal.usda.gov/nalt/9151
zoology,https://lod.nal.usda.gov/nalt/1144